<?xml version="1.0" encoding="UTF-8"?>
<!DOCTYPE mapper PUBLIC "-//mybatis.org//DTD Mapper 3.0//EN" "http://mybatis.org/dtd/mybatis-3-mapper.dtd">
<mapper namespace="com.whl.generator.dao.UnitPersonMapper">

    <!-- 通用查询映射结果 -->
    <resultMap id="BaseResultMap" type="com.whl.generator.entity.UnitPerson">
        <id column="unt_psn_id" property="untPsnId" />
        <result column="unt_id" property="untId" />
        <result column="psn_id" property="psnId" />
        <result column="unt_psn_activity" property="psnActivity" />
    </resultMap>

    <!-- 通用查询结果列 -->
    <sql id="Base_Column_List">
        unt_psn_id, unt_id, psn_id, unt_psn_activity
    </sql>

</mapper>
